address,store_id,updated_address
Albany - 1425 Central Ave,10492|(518) 621-5300,"1425 Central Ave, Albany, NY 12205"
Fort Greene - 292 Ashland Pl,10709|(718) 290-1010,"292 Ashland Pl, Brooklyn, NY 11217"
Third and 3rd (Brooklyn) - 214 3rd St ,10220|(718) 907-3622,"214 3rd St., Brooklyn, NY 11215"
Williamsburg - 238 Bedford Ave,10487|(718) 734-2321,"238 Bedford Ave, Brooklyn, NY 11249"
Bowery - 95 East Houston St,10236|(212) 420-1320,"95 E Houston St, New York, NY 10002"
Bryant Park - 1095 6th Ave,10578|(917) 728-5700,"1095 Bryant Pk, New York, NY 10036"
Chelsea - 250 7th Ave,10131|(212) 924-5969,"250 7th Ave, New York, NY 10001"
Columbus Circle - 10 Columbus Cir,10160|(212) 823-9600,"10 Columbus Cir, New York, NY 10019"
Harlem - 100 W 125th St,10517|(212) 678-1940,"100 W 125th St, New York, NY 10027"
Manhattan West - 450 W 33rd St,10713|(646) 540-1104,"450 W 33rd St, New York, NY 10001"
Midtown East (E 57th St) - 226 E 57th St,10408|(646) 497-1222,"226 E 57th St, New York, NY 10022"
NoMad - 63 Madison Ave,10773|(646) 779-2848,"63 Madison Ave, New York, NY 10016"
One Wall Street - 66 Broadway,10696|(646) 779-8229,"66 Broadway, New York, NY 10005"
Tribeca - 270 Greenwich St,10245|(212) 349-6555,"270 Greenwich St, New York, NY 10007"
Union Square - 4 Union Square S,10162|(212) 673-5388,"40 E 14th St, New York, NY 10003"
Upper West Side - 808 Columbus Ave,10328|(212) 222-6160,"808 Columbus Ave, New York, NY 10025"
Jericho - 429 North Broadway,10161|(516) 932-1733,"429 N Broadway, Jericho, NY 11753"
Lake Grove - 120 New Moriches Rd,10240|(631) 588-1466,"120 New Moriches Rd, Lake Grove, NY 11755"
Manhasset - 2101 Northern Blvd,10063|(516) 869-8900,"2101 Northern Blvd, Manhasset, NY 11030"
Port Chester - 575 Boston Post Road,10483|(914) 708-1985,"575 Boston Post Rd, Port Chester, NY 10573"
White Plains - 110 Bloomingdale Rd,10163|(914) 288-1300,"110 Bloomingdale Rd, White Plains, NY 10605"
Yonkers - 1 Ridge Hill Blvd,10343|(914) 378-8090,"1 Ridge Hill Boulevard, Yonkers, NY 10710"
Commack - 120 Veterans Memorial Hwy #34,10683|(631) 670-0580,"120 Veterans Memorial Hwy, Commack, NY 11725"
Westbury - 867 East Gate Blvd,10706|(516) 540-3040,"867 E Gate Blvd, Garden City, NY 11530"
Buffalo - 3139 Sheridan Dr,10601|(716) 398-4502,"3139 Sheridan Dr, Buffalo, NY 14226"
Chappaqua - 20 The Crossing,10600|(914) 340-5130,"20 The Crossing, Chappaqua, NY 10514"
Massapequa - 5214 Sunrise Hwy,10749|(516) 366-3616,"5214 Sunrise Hwy, Massapequa Park, NY 11762"
Rochester - 2740 Monroe Ave,10662|(585) 895-7750,"2740 Monroe Ave, Rochester, NY 14618"
Arabella Station - 5600 Magazine St,10143|(504) 899-9119,"5600 Magazine St, New Orleans, LA 70115"
Broad Street - 300 N Broad St,10522|(504) 434-3364,"300 N Broad St, New Orleans, LA 70119"
Veterans - 3420 Veterans Memorial Blvd,10202|(504) 888-8225,"3420 Veterans Memorial Blvd, Metairie, LA 70002"
Ambassador Caffery - 4247 Ambassador Caffery Pkwy,10528|(337) 314-9653,"4247 Ambassador Caffery Pkwy, Lafayette, LA 70508"
Baton Rouge - 7529 Corporate Blvd,10198|(225) 218-0452,"7529 Corporate Blvd, Baton Rouge, LA 70806"
Mandeville - 3450 Hwy 190,10631|(985) 231-3328,"3450 U.S. Hwy 190, Mandeville, LA 70470"
Shreveport - 1380 E 70th St,10575|(318) 462-9895,"1380 E 70th St, Shreveport, LA 71105"
Arbor Trails - 4301 W William Cannon,10384|(512) 358-2460,"4301 W William Cannon Dr, Austin, TX 78749"
Domain - 11920 Domain Dr,10316|(512) 831-3981,"11920 Domain Dr, Austin, TX 78758"
East Austin - 901 E 5th St,10721|(512) 884-5910,"901 E 5th St., Austin, TX 78702"
Gateway - 9607 Research Blvd,10036|(512) 345-5003,"9607 Research Blvd, Austin, TX 78759"
Lamar - 525 N Lamar Blvd,10145|(512) 542-2200,"525 N Lamar Blvd, Austin, TX 78703"
Addison - 5100 Belt Line Rd,10473|(214) 854-3334,"5100 Belt Line Rd, Dallas, TX 75254"
Bee Cave - 12601 Hill Country Blvd,10393|(512) 206-2730,"12601 Hill Country Blvd, Bee Cave, TX 78738"
Bellaire - 4004 Bellaire Blvd,10134|(713) 667-4090,"4004 Bellaire Blvd, Houston, TX 77025"
Champions - 10133 Louetta Rd,10497|(281) 803-6396,"10133 Louetta Rd, Houston, TX 77070"
Independence Heights - 101 N Loop W,10652|(713) 369-0800,"101 N Loop W, Houston, TX 77018"
Kirby - 2955 Kirby Dr,10115|(713) 520-1937,"2955 Kirby Dr, Houston, TX 77098"
Montrose - 701 Waugh Dr,10346|(713) 284-1260,"701 Waugh Dr, Houston, TX 77019"
Post Oak - 1700 Post Oak Blvd,10251|(713) 346-0537,"1700 Post Oak Blvd, Houston, TX 77056"
Voss - 1407 S Voss Rd,10552|(713) 789-4477,"1407 S Voss Rd, Houston, TX 77057"
Westchase - 11041 Westheimer Rd,10612|(713) 784-7776,"11041 Westheimer Rd, Houston, TX 77042"
Lakewood - 2118 Abrams Rd,10283|(214) 824-1744,"2118 Abrams Rd, Dallas, TX 75214"
Park Lane - 8190 Park Ln,10239|(214) 342-4850,"8190 Park Ln N, Dallas, TX 75231"
Uptown Dallas - 2510 McKinney Ave,10505|(469) 518-5814,"2510 McKinney Ave, Dallas, TX 75201"
Highland Park - 4100 Lomo Alto Dr,10140|(214) 520-7993,"4100 Lomo Alto Dr, Dallas, TX 75219"
Katy - 6601 S Fry Rd,10474|(281) 769-5670,"6601 S Fry Rd, Katy, TX 77494"
Sugar Land - 15900 Southwest Fwy,10258|(281) 491-5577,"15900 Southwest Fwy, Sugar Land, TX 77478"
Colleyville - 4801 Colleyvile Blvd,10523|(817) 918-3821,"4801 Colleyville Blvd, Colleyville, TX 76034"
The Woodlands - 1925 Hughes Landing Blvd,10574|(832) 246-5600,"1925 Hughes Landing Blvd, The Woodlands, TX 77380"
Plano - 2201 Preston Rd,10030|(972) 612-6729,"2201 Preston Rd, Plano, TX 75093"
Highland Village - 4041 Waller Creek,10498|(972) 538-9710,"4041 Waller Creek, Highland Village, TX 75077"
Fairview - 105 Stacy Rd,10358|(972) 549-4090,"105 Stacy Dr, Fairview Heights, IL 62208"
Parkway - 801 E Lamar,10098|(817) 461-9362,"801 E Lamar Blvd, Arlington, TX 76011"
Alamo Quarry - 255 E Basse Rd,10075|(210) 826-4676,"255 E Basse Rd, San Antonio, TX 78209"
Vineyard - 18403 Blanco Rd,10444|(210) 408-3110,"18403 Blanco Rd, San Antonio, TX 78258"
El Paso - 100 Pitt St,10622|(915) 236-1420,"100 Pitt St, El Paso, TX 79912"
Las Colinas - 6741 N MacArthur Blvd,10627|(469) 845-8001,"6741 N MacArthur Blvd, Irving, TX 75039"
Cedar Park - 5001 183 Toll Rd,10665|(512) 690-2605,"5001 183A, Cedar Park, TX 78613"
Cityline - 1411 E Renner Rd,10613|(214) 273-0902,"1411 E Renner Rd, Richardson, TX 75082"
Fort Worth - 3720 Vision Dr,10332|(682) 316-8040,"3720 Vision Dr, Fort Worth, TX 76109"
Academy - 5815 Wyoming Blvd NE,10144|(505) 856-0474,"6400 Wyoming Blvd NE, Albuquerque, NM 87109"
Indian School Plaza - 2103 Carlisle Blvd NE,10420|(505) 260-1366,"2103 Carlisle Blvd NE, Albuquerque, NM 87110"
Santa Fe (Cerrillos) - 753 Cerrillos Rd,10104|(505) 992-1700,"753 Cerrillos Rd, Santa Fe, NM 87505"
Charlotte - 6610 Fairview Rd,10443|(980) 213-2400,"6610 Fairview Rd, Charlotte, NC 28210"
Uptown Charlotte - 400 East Brooklyn Village Ave,10644|(704) 969-5950,"400 E Brooklyn Vlg Ave, Charlotte, NC 28202"
Waverly - 7221 Waverly Walk Ave,10592|(704) 949-1860,"7221 Waverly Walk Ave, Charlotte, NC 28277"
Asheville - 70 Merrimon Ave,10351|(828) 254-5440,"70 Merrimon Ave, Asheville, NC 28801"
East Asheville - 4 S Tunnel Rd,10520|(828) 239-9604,"4 S Tunnel Rd, Asheville, NC 28805"
South Asheville - 1856 Hendersonville Rd,10783|(828) 378-0477,"1856 Hendersonville Rd, Asheville, NC 28803"
Cary - 102B New Waverly Pl,10132|(919) 816-8830,"102b New Waverly Pl, Cary, NC 27518"
West Cary - 5055 Arco St,10611|(984) 228-0300,"5055 Arco St, Cary, NC 27519"
Chapel Hill - 81 S Elliot Rd,10008|(919) 968-1983,"81 S Elliott Rd, Chapel Hill, NC 27514"
Durham - 621 Broad St,10041|(919) 286-2290,"621 Broad St, Durham, NC 27705"
Greensboro Friendly - 3202 W Friendly Ave,10426|(336) 398-2880,"3202 W Friendly Ave, Greensboro, NC 27408"
North Raleigh - 8710 Six Forks Rd,10338|(919) 354-0350,"8710 Six Forks Rd, Raleigh, NC 27615"
Raleigh - 3540 Wade Ave,10016|(919) 828-5805,"3540 Wade Ave, Raleigh, NC 27607"
Winston-Salem - 41 Miller St,10110|(336) 722-9233,"41 Miller St, Winston-Salem, NC 27104"
Wilmington - 3804 Oleander Dr,10453|(910) 777-2499,"3804 Oleander Dr, Wilmington, NC 28403"
Lake Norman - 9129 Sam Furr Rd,10543|(704) 765-3735,"9129 Sam Furr Rd, Huntersville, NC 28078"
Ann Arbor - 3135 Washtenaw Ave,10167|(734) 975-4500,"3135 Washtenaw Ave, Ann Arbor, MI 48104"
Cranbrook - 990 W Eisenhower Pkwy,10315|(734) 997-7500,"990 W Eisenhower Pkwy, Ann Arbor, MI 48103"
Detroit - 115 Mack Ave,10465|(313) 576-5300,"115 Mack Ave, Detroit, MI 48201"
Rochester Hills - 2918 Walton Blvd,10330|(248) 371-1400,"2918 Walton Blvd., Rochester Hills, MI 48309"
West Bloomfield - 7350 Orchard Lake Rd,10120|(248) 538-4600,"7350 Orchard Lake Rd, West Bloomfield Township, MI 48322"
Birmingham - 2100 E Maple Rd,10641|(248) 649-9600,"2100 E Maple Rd, Birmingham, MI 48009"
East Lansing - 2750 E Grand River Ave,10541|(517) 319-2000,"2750 E Grand River Ave, East Lansing, MI 48823"
Grand Rapids - 2897 Radcliff Ave SE,10790|(616) 226-8880,"2897 Radcliff Ave SE, Kentwood, MI 49512"
Sacramento - 4315 Arden Way,10152|(916) 488-2800,"4315 Arden Wy, Sacramento, CA 95864"
Arroyo - 465 S Arroyo Pkwy,10237|(626) 204-2266,"465 S Arroyo Pkwy, Pasadena, CA 91105"
Pasadena - 3751 E Foothill Blvd,10108|(626) 351-5994,"3751 E Foothill Blvd, Pasadena, CA 91107"
Blithedale - 731 E Blithedale Ave,10337|(415) 381-3900,"731 E Blithedale Ave, Mill Valley, CA 94941"
Mill Valley - 414 Miller Ave,10009|(415) 381-1200,"414 Miller Ave, Mill Valley, CA 94941"
Blossom Hill - 1146 Blossom Hill Rd,10320|(408) 266-3700,"1146 Blossom Hill Rd, San Jose, CA 95118"
San Jose - on The Alameda - 777 The Alameda,10259|(408) 207-1126,"777 The Alameda, San Jose, CA 95126"
Berkeley - 3000 Telegraph Ave,10006|(510) 649-1333,"3000 Telegraph Ave, Berkeley, CA 94705"
Gilman - 1025 Gilman St,10530|(510) 809-8293,"1025 Gilman St, Berkeley, CA 94710"
Brentwood - 11737 San Vicente Blvd,10074|(310) 826-4433,"11737 San Vicente Blvd, Los Angeles, CA 90049"
Culver City - 3377 S. La Cienega Blvd,10764|(424) 434-7960,"3377 S La Cienega Blvd, Los Angeles, CA 90016"
Downtown Los Angeles - 788 S Grand Ave,10546|(213) 873-4745,"788 S Grand Ave, Los Angeles, CA 90014"
Silver Lake - 2520 Glendale Blvd,10658|(323) 378-3891,"2520 Glendale Blvd, Los Angeles, CA 90039"
West Los Angeles - 11666 National Blvd,10045|(310) 996-8840,"11666 National Blvd, Los Angeles, CA 90066"
Westwood - 1050 S Gayley Ave,10176|(310) 824-0858,"1050 Gayley Ave, Los Angeles, CA 90024"
Beverly Hills - 239 N Crescent Dr,10022|(310) 274-3360,"239 N Crescent Dr, Beverly Hills, CA 90210"
Capitola - 1710 41st Ave,10365|(831) 464-2900,"1710 41st Ave, Capitola, CA 95010"
2001 Market Street - 2001 Market St,10396|(415) 626-1430,"2001 Market St #2001, Philadelphia, PA 19103"
Franklin - 1765 California St,10044|(415) 674-0500,"1765 California St, San Francisco, CA 94109"
Haight Street - 690 Stanyan St,10362|(415) 876-6740,"690 Stanyan St, San Francisco, CA 94117"
Noe Valley - 3950 24th St,10379|(415) 282-4700,"3950 24th St, San Francisco, CA 94114"
Potrero Hill - 450 Rhode Island St,10238|(415) 552-1155,"450 Rhode Island St, San Francisco, CA 94107"
SoMa - 399 4th St,10151|(415) 618-0066,"399 4th St, San Francisco, CA 94107"
Stonestown - 3251 20th Ave,10717|(415) 375-4242,"3251 20th Ave, San Francisco, CA 94132"
Campbell - 1690 S Bascom Ave,10033|(408) 371-5000,"1690 S Bascom Ave, Campbell, CA 95008"
Santa Rosa - 1181 Yulupa Ave,10139|(707) 575-7915,"1181 Yulupa Ave, Santa Rosa, CA 95405"
Del Mar - 2600 Via De La Valle,10434|(858) 436-9800,"2600 Via De La Valle, Del Mar, CA 92014"
Folsom - 270 Palladio Pkwy,10447|(916) 984-8500,"270 Palladio Pkwy, Folsom, CA 95630"
Fremont - California - 3111 Mowry Ave,10467|(510) 401-5880,"3111 Mowry Ave, Fremont, CA 94538"
Fresno - 650 W Shaw Ave,10122|(559) 241-0300,"650 W Shaw Ave, Clovis, CA 93612"
Glendale - 331 N Glendale Ave,10179|(818) 548-3695,"331 N Glendale Ave, Glendale, CA 91206"
Oakland - 230 Bay Pl,10221|(510) 834-9800,"230 Bay Pl, Oakland, CA 94612"
Temescal - 5110 Telegraph Ave,10708|(510) 903-2222,"5110 Telegraph Ave, Oakland, CA 94609"
Hillcrest - 711 University Ave,10072|(619) 294-2800,"711 University Ave, San Diego, CA 92103"
West Hollywood - 7871 Santa Monica Blvd,10109|(323) 848-4200,"7871 Santa Monica Blvd, West Hollywood, CA 90046"
Brookhurst - 10081 Adams Ave,10768|(714) 594-6850,"10081 Adams Ave, Fountain Valley, CA 92646"
Huntington Beach - 7881 Edinger Ave ,10399|(657) 200-4200,"7881 Edinger Ave, Huntington Beach, CA 92647"
Jamboree - 2847 Park Ave,10231|(714) 566-7650,"2847 Park Ave, Tustin, CA 92782"
Lafayette - 3502 Mt Diablo Blvd,10349|(925) 284-5305,"3502 Mount Diablo Blvd, Lafayette, CA 94549"
Laguna Beach - 283 Broadway St,10406|(949) 376-7888,"283 Broadway St, Laguna Beach, CA 92651"
La Jolla - 8825 Villa La Jolla Dr,10066|(858) 642-6700,"8825 Villa La Jolla Dr, La Jolla, CA 92037"
Los Altos - 4800 El Camino Real,10155|(650) 559-0300,"4800 El Camino Real, Los Altos, CA 94022"
Laguna Niguel - 23932 Aliso Creek Rd,10437|(949) 900-5830,"23932 Aliso Creek Rd, Laguna Niguel, CA 92677"
Los Gatos - 15980 Los Gatos Blvd,10027|(408) 358-4434,"15980 Los Gatos Blvd, Los Gatos, CA 95032"
23rd &amp; Wilshire Blvd - 2201 Wilshire Blvd,10173|(310) 315-0662,"2201 Wilshire Blvd, Santa Monica, CA 90403"
Montana Avenue - 1425 Montana Ave,10398|(310) 576-4707,"1425 Montana Ave, Santa Monica, CA 90403"
Santa Monica Pico - 2121 Cloverfield Blvd,10653|(310) 752-1155,"2121 Cloverfield Blvd, Santa Monica, CA 90404"
Monterey - 800 Del Monte Center,10087|(831) 333-1600,"800 Del Monte Center, Monterey, CA 93940"
Novato - 790 De Long Ave,10234|(415) 878-0455,"790 De Long Ave, Novato, CA 94945"
Napa - 3682 Bel Aire Plaza,10288|(707) 224-6300,"3682 Bel Aire Plaza, Napa, CA 94558"
Newport Beach - 415 Newport Center Dr,10468|(949) 999-8572,"415 Newport Center Dr, Newport Beach, CA 92660"
Thousand Oaks - 740 North Moorpark Rd,10204|(805) 777-4730,"740 N Moorpark Rd, Thousand Oaks, CA 91360"
Oxnard - 650 Town Center Dr,10318|(805) 751-4300,"650 Town Center Dr, Oxnard, CA 93036"
Palo Alto - 774 Emerson St,10005|(650) 326-8676,"774 Emerson St, Palo Alto, CA 94301"
Petaluma - 621 E Washington St,10138|(707) 762-9352,"621 E Washington St, Petaluma, CA 94952"
San Ramon - 100 Sunset Dr,10126|(925) 355-9000,"100 Sunset Dr, San Ramon, CA 94583"
Redondo Beach - 405 N Pacific Coast Hwy,10024|(310) 376-6931,"405 N Pacific Coast Hwy, Redondo Beach, CA 90277"
Redwood City - 1250 Jefferson Ave,10154|(650) 367-1400,"1250 Jefferson Ave, Redwood City, CA 94062"
Roseville - 1001 Galleria Blvd,10230|(916) 781-5300,"1001 Galleria Blvd, Roseville, CA 95678"
Santa Barbara - 3761 State St,10255|(805) 837-6959,"3761 State St, Santa Barbara, CA 93105"
Sebastopol - 6910 McKinley St,10137|(707) 829-9801,"6910 McKinley St, Sebastopol, CA 95472"
Sherman Oaks - 14311 Ventura Blvd,10671|(818) 528-8030,"14311 Ventura Blvd, Sherman Oaks, CA 91423"
Sherman Oaks East - 12905 Riverside Dr,10784|(818) 853-8600,"12905 Riverside Dr, Sherman Oaks, CA 91423"
Sherman Oaks West - 4520 N Sepulveda Blvd,10038|(818) 382-3700,"4520 N Sepulveda Blvd, Los Angeles, CA 90049"
San Mateo - 1010 Park Pl,10150|(650) 358-6900,"1010 Park Pl, San Mateo, CA 94403"
Sonoma - 201 W Napa St,10281|(707) 938-8500,"201 W Napa St, Sonoma, CA 95476"
San Rafael - 340 3rd St,10071|(415) 451-6333,"340 3rd St, San Rafael, CA 94901"
Cupertino - 20955 Stevens Creek Blvd,10267|(408) 257-7000,"20955 Stevens Creek Blvd, Cupertino, CA 95014"
Santa Cruz - 911 Soquel Ave,10329|(831) 426-9901,"911 Soquel Ave, Santa Cruz, CA 95062"
Torrance - 2655 Pacific Coast Hwy,10105|(310) 257-8700,"2655 Pacific Coast Hwy, Torrance, CA 90505"
Valencia - 24130 Valencia Blvd,10178|(661) 260-2377,"24130 Valencia Blvd, Santa Clarita, CA 91355"
Venice - 225 Lincoln Blvd,10333|(310) 566-9480,"225 Lincoln Blvd, Venice, CA 90291"
Walnut Creek - 1333 Newell Ave,10101|(925) 274-9700,"1333 Newell Ave, Walnut Creek, CA 94596"
Ygnacio Valley Road - 2941 Ygnacio Valley Rd,10548|(925) 269-9010,"2941 Ygnacio Valley Rd, Walnut Creek, CA 94598"
Woodland Hills - 21347 Ventura Blvd,10099|(818) 610-0000,"21347 Ventura Blvd, Los Angeles, CA 91364"
Palm Desert - 44-459 Town Center Way,10359|(760) 797-8200,"44459 Town Center Way, Palm Desert, CA 92260"
Playa Vista - 12746 W Jefferson Blvd,10536|(310) 862-9900,"12746 W Jefferson Blvd, Playa Vista, CA 90094"
San Luis Obispo - 1531 Froom Ranch Way,10584|(805) 785-0194,"1531 Froom Ranch Way, San Luis Obispo, CA 93405"
Irvine - 8525 Irvine Center Dr,10614|(949) 777-8500,"8525 Irvine Center Dr, Irvine, CA 92618"
Dublin CA - 5200 Dublin Blvd,10547|(925) 452-2226,"5200 Dublin Blvd, Dublin, CA 94568"
Santa Clara - 2732 Augustine Dr ,10633|(408) 562-9162,"2732 Augustine Dr, Santa Clara, CA 95054"
Brea - 3301 E Imperial Hwy,10594|(714) 528-7400,"3301 E Imperial Hwy, Brea, CA 92823"
Concord - 2085 Diamond Blvd,10677|(925) 695-3180,"2085 Diamond Blvd, Concord, CA 94520"
Long Beach - 6400 E Pacific Coast Hwy,10701|(562) 598-8687,"6400 E Pacific Coast Hwy, Long Beach, CA 90803"
Long Beach Lakewood - 3881 Lakewood Blvd,10688|(562) 548-1840,"3881 N Lakewood Blvd, Long Beach, CA 90846"
Porter Ranch - 20209 W Rinaldi St,10695|(818) 363-3933,"20209 Rinaldi St, Porter Ranch, CA 91326"
Sunnyvale - 150 E McKinley Ave,10707|(408) 419-1290,"150 E McKinley Ave, Sunnyvale, CA 94086"
Upland - 2153 W Baseline Rd,10676|(909) 579-2670,"2153 Base Line Rd, Upland, CA 91784"
South Lake Tahoe - 3600 Lake Tahoe Blvd.,10703|(530) 578-4555,"3600 Lake Tahoe Blvd, South Lake Tahoe, CA 96150"
Burbank - 3401 W Olive Ave,10545|(818) 239-5380,"3401 W Olive Ave, Burbank, CA 91505"
Malibu - 23401 Civic Center Way,10441|(424) 425-7351,"23401 Civic Center Way, Malibu, CA 90265"
Arlington VA - 2700 Wilson Blvd,10042|(703) 527-6596,"2700 Wilson Blvd, Arlington, VA 22201"
Pentagon City - 520 12th St South,10531|(571) 777-3948,"520 12th St S, Arlington, VA 22202"
Charlottesville - 1797 Hydraulic Rd,10205|(434) 973-4900,"1797 Hydraulic Rd, Charlottesville, VA 22901"
Fair Lakes - 4501 Market Commons Dr,10223|(703) 222-2058,"4501 Market Commons Dr, Fairfax, VA 22033"
Old Town - 1700 Duke St,10185|(703) 706-0891,"1700 Duke St, Alexandria, VA 22314"
Reston - 11660 Plaza America Dr,10061|(703) 736-0600,"11660 Plaza America Dr, Reston, VA 20190"
Short Pump - 11173 W Broad St,10257|(804) 364-4050,"11173 W Broad St, Glen Allen, VA 23060"
Tysons - 7511 Leesburg Pike,10049|(703) 448-1600,"7511 Leesburg Pike, Falls Church, VA 22043"
Virginia Beach - 1800 Laskin Rd,10466|(757) 422-0444,"1800 Laskin Rd, Virginia Beach, VA 23454"
Vienna - 143 Maple Ave E,10065|(703) 319-2000,"143 Maple Ave E, Vienna, VA 22180"
Ashburn - 19800 Belmont Chase Dr,10534|(571) 223-4440,"19800 Belmont Chase Dr, Ashburn, VA 20147"
Tysons Corner - 1635 Boro Place,10647|(571) 634-3610,"at Whole Foods, 1635 Boro Pl, McLean, VA 22102"
Newport News - 12090 Jefferson Ave,10525|(757) 947-2460,"12090 Jefferson Ave, Newport News, VA 23606"
Richmond VA - 2024 W Broad St,10598|(804) 956-3750,"2024 W Broad St, Richmond, VA 23220"
Springfield Plaza - 6426 Springfield Plaza,10795|(703) 644-2500,"6426 Springfield Plaza, Springfield, VA 22150"
Arlington MA - 808 Massachusetts Ave,10507|(781) 777-7200,"808 Massachusetts Ave, Arlington, MA 02476"
Andover - 40 Railroad St,10371|(978) 749-6664,"40 Railroad St, Andover, MA 01810"
Bedford - 170 Great Rd,10090|(781) 275-8264,"170 Great Rd, Bedford, MA 01730"
Bellingham - 255 Hartford Ave,10091|(508) 966-3331,"255 Hartford Ave, Bellingham, MA 02019"
Brighton - 15 Washington St,10015|(617) 738-8187,"15 Washington St, Boston, MA 02116"
Fresh Pond - 200 Alewife Brook Pkwy,10026|(617) 491-0040,"200 Alewife Brook Pkwy, Cambridge, MA 02138"
Prospect Street - 115 Prospect St,10010|(617) 492-0070,"1127 E Rand Rd, Mt Prospect, IL 60056"
Charles River Plaza - 181 Cambridge St,10158|(617) 723-0004,"181 Cambridge St, Boston, MA 02114"
South End - 348 Harrison Ave,10513|(617) 904-1000,"348 Harrison Ave, Boston, MA 02118"
Dedham - 300 Legacy Pl,10319|(781) 329-7100,"300 Legacy Pl, Dedham, MA 02026"
Framingham - 575 Worcester Rd,10156|(508) 628-9525,"575 Worcester Rd, Framingham, MA 01701"
Hadley - 327 Russell St,10012|(413) 586-9932,"327 Russell St, Hadley, MA 01035"
Hingham - 94 Derby St,10159|(781) 741-8050,"94 Derby St, Hingham, MA 02043"
Jamaica Plain - 413 Centre St,10438|(617) 553-5400,"413 Centre St, Jamaica Plain, MA 02130"
Lynnfield - 427 Walnut St,10452|(781) 776-4300,"427 Walnut St, Lynnfield, MA 01940"
Medford - 2151 Mystic Valley Pkwy,10380|(781) 395-4998,"2151 Mystic Valley Pkwy, Medford, MA 02155"
Melrose - 880 Main St,10510|(781) 606-3400,"Melrose, MA 02176"
Newton - 916 Walnut St,10013|(617) 969-1141,"916 Walnut St, Newton, MA 02461"
Newtonville - 647 Washington St,10092|(617) 965-2070,"647 Washington St, Newton, MA 02458"
Somerville - 45 Beacon St,10511|(617) 902-9300,"45 Beacon St, Boston, MA 02108"
South Weymouth - 35 Pleasant St,10506|(781) 277-5200,"35 Pleasant St, Weymouth, MA 02190"
Wellesley - 442 Washington St,10413|(781) 235-7262,"442 Washington St, Wellesley Hills, MA 02481"
Woburn - 400 Cambridge Rd,10233|(781) 376-9600,"400 Cambridge Rd, Woburn, MA 01801"
Hyannis - 990 Iyannough Rd,10512|(508) 418-5900,"990 Iyannough Rd, Hyannis, MA 02601"
Westford - 160 Littleton Rd,10620|(978) 303-2900,"160 Littleton Rd, Westford, MA 01886"
Shrewsbury - 193 Boston Turnpike,10619|(508) 749-5520,"193 Boston Turnpike, Shrewsbury, MA 01545"
Beverly - 150 Brimbal Ave,10618|(978) 529-9151,"150 Brimbal Ave, Beverly, MA 01915"
Sudbury - 536 Boston Post Rd,10691|(508) 358-7700,"536 Boston Post Rd, Sudbury, MA 01776"
Annapolis - 200 Harker Pl,10228|(410) 573-1800,"200 Harker Pl, Annapolis, MD 21401"
Bethesda - 5269 River Rd,10048|(301) 984-4860,"5269 River Rd, Bethesda, MD 20816"
Friendship Heights - 4420 Willard Ave,10211|(301) 657-1520,"4420 Willard Ave, Chevy Chase, MD 20815"
Columbia - Maryland - 10275 Little Patuxent Pkwy,10499|(240) 865-1827,"10275 Little Patuxent Pkwy, Columbia, MD 21044"
Kentlands - 316 Kentlands Blvd,10180|(301) 258-9500,"316 Kentlands Blvd, Gaithersburg, MD 20878"
Harbor East - 711 S Central Ave,10638|(410) 528-1640,"711 S Central Ave, Baltimore, MD 21202"
Mt. Washington - 1330 Smith Ave,10064|(410) 532-6700,"1330 Smith Ave, Baltimore, MD 21209"
Rockville - 11355 Woodglen Dr,10235|(301) 984-4880,"11355 Woodglen Dr, Rockville, MD 20852"
Silver Spring - 833 Wayne Ave,10118|(301) 608-9373,"833 Wayne Ave, Silver Spring, MD 20910"
Riverdale Park - 6621-B Baltimore Ave,10463|(240) 487-7575,"6621-B Baltimore Ave, Riverdale Park, MD 20737"
Towson - 300 Towson Row,10769|(443) 652-6566,"300 Towson Row, Towson, MD 21204"
Avalon - 2800 Old Milton Pkwy,10488|(678) 534-3138,"2800 Old Milton Pkwy, Alpharetta, GA 30009"
Johns Creek - 5945 State Bridge Rd,10215|(678) 514-2400,"5945 State Bridge Rd, Duluth, GA 30097"
Merchants Walk - 1311 Johnson Ferry Rd NE,10342|(678) 996-9700,"1289 Johnson Ferry Rd, Marietta, GA 30068"
Buckhead - 77 West Paces Ferry Rd NW,10206|(404) 324-4100,"77 W Paces Ferry Rd NW, Atlanta, GA 30305"
Chamblee - 5001 Peachtree Blvd,10649|(470) 552-0750,"5001 Peachtree Blvd, Chamblee, GA 30341"
Midtown Atlanta - 22 14th St NW,10650|(470) 552-4201,"22 14th St NW, Atlanta, GA 30309"
Northside Buckhead - 3535 Northside Pkwy,10697|(470) 552-3040,"3535 Northside Pkwy NW, Atlanta, GA 30327"
Ponce de Leon - 650 Ponce de Leon Ave NE,10196|(404) 853-1681,"650 Ponce De Leon Ave NE, Atlanta, GA 30308"
Sandy Springs - 5930 Roswell Rd,10136|(404) 236-0810,"5930 Roswell Rd, Atlanta, GA 30328"
Savannah - 1815 E Victory Dr ,10489|(912) 358-5829,"1815 E Victory Dr, Savannah, GA 31404"
Decatur - 1555 Church St,10687|(470) 237-7340,"1555 Church St, Decatur, GA 30033"
Kennesaw - 1300 Ernest Barrett Pkwy,10590|(770) 578-4400,"1300 Ernest W Barrett Pkwy NW, Kennesaw, GA 30144"
Boca Raton - 1400 Glades Rd,10130|(561) 447-0000,"Shake Shack, 1400 Glades Rd, Boca Raton, FL 33431"
Orlando - 8003 Turkey Lake Rd,10194|(407) 355-7100,"8003 Turkey Lake Rd, Orlando, FL 32819"
Aventura - 21105 Biscayne Blvd,10096|(305) 682-4400,"21105 Biscayne Blvd, Aventura, FL 33180"
Coral Gables - 6701 Red Rd,10190|(305) 421-9421,"6701 Red Rd, Coral Gables, FL 33146"
Coral Springs - 810 University Dr,10088|(954) 796-5800,"810 N University Dr, Coral Springs, FL 33071"
Carrollwood - 3802 Northdale Blvd,10339|(813) 264-3600,"3802 Northdale Blvd, Tampa, FL 33624"
Midtown Tampa - 3740 Midtown Dr,10723|(813) 323-9466,"3740 Midtown Dr, Tampa, FL 33607"
17th Street - 501 SE 17th St,10715|(954) 380-8440,"501 SE 17th St, Fort Lauderdale, FL 33316"
Fort Lauderdale - 2000 N Federal Hwy,10117|(954) 398-2000,"2000 N Federal Hwy, Wilton Manors, FL 33305"
Jacksonville - 10601 San Jose Blvd,10253|(904) 288-1100,"10601 San Jose Blvd, Jacksonville, FL 32257"
Naples - 9101 Strada Pl,10192|(239) 552-5100,"9101 Strada Pl, Naples, FL 34108"
Pembroke Pines - 14956 Pines Blvd,10193|(954) 392-3500,"14956 Pines Blvd, Pembroke Pines, FL 33027"
Palm Beach Gardens - 11701 Lake Victoria Gardens Ave,10188|(561) 691-8550,"11701 Lake Victoria Gardens Ave, Palm Beach Gardens, FL 33410"
Pompano Beach - 2411 N Federal Hwy,10352|(954) 786-3500,"2411 N Federal Hwy, Pompano Beach, FL 33064"
Sarasota - 1451 1st St,10189|(941) 316-4700,"1451 1st St, Sarasota, FL 34236"
University Station - 5298 University Pkwy,10642|(941) 806-6130,"5298 University Pkwy, Sarasota, FL 34243"
South Beach - 1020 Alton Rd,10285|(305) 938-2800,"1020 Alton Rd, Miami Beach, FL 33139"
North Miami - 12150 Biscayne Blvd,10477|(305) 892-5500,"12150 Biscayne Blvd, North Miami, FL 33181"
Tallahassee - 1817 Thomasville Rd,10478|(850) 513-4200,"1817 Thomasville Rd, Tallahassee, FL 32303"
Wellington - 2635 FL-7,10195|(561) 904-4000,"2635 FL-7, Wellington, FL 33414"
Clearwater - 27001 US 19 N,10515|(727) 724-7100,"27001 US Hwy 19 N, Clearwater, FL 33761"
Dadeland - 7930 SW 104th St,10682|(305) 969-5800,"7930 SW 104th St, Kendall, FL 33156"
Downtown Miami - 299 SE 3rd Ave,10191|(305) 995-0600,"299 SE 3rd Ave, Miami, FL 33131"
Davie - 1903 S University Dr,10549|(954) 916-3000,"1903 S University Dr, Davie, FL 33324"
West Palm Beach - 1845 Palm Beach Lakes Blvd,10529|(561) 471-3800,"1845 Palm Beach Lakes Blvd, West Palm Beach, FL 33401"
Destin - 4402 Legendary Dr,10621|(850) 269-7400,"4402 Legendary Dr, Destin, FL 32541"
Jacksonville Beach - 2050 3rd St S,10648|(904) 685-7370,"2050 3rd St S, Jacksonville Beach, FL 32250"
Altamonte Springs - 305 E Altamonte Dr,10516|(407) 767-2100,"305 E Altamonte Dr, Altamonte Springs, FL 32701"
Fort Myers - 6891 Daniels Pkwy,10669|(239) 935-6550,"6891 Daniels Pkwy, Fort Myers, FL 33966"
Winter Park North - 1030 N Orlando Ave,10580|(407) 377-6040,"1030 N Orlando Ave, Maitland, FL 32789"
Gainesville - 3490 SW Archer Rd,10704|(352) 244-8302,"3490 SW Archer Rd, Gainesville, FL 32608"
Delray Beach - 680 Linton Blvd,10739|(561) 639-5701,"680 Linton Blvd, Delray Beach, FL 33444"
Roaring Fork - 340 Reed St,10298|(970) 927-1500,"10850 Stonelake Blvd, Austin, TX 78759"
Belmar - 444 S Wadsworth Blvd,10218|(303) 935-5000,"444 S Wadsworth Blvd, Lakewood, CO 80226"
Cherry Creek - 2375 E 1st Ave,10095|(720) 941-4100,"2375 E 1st Ave, Denver, CO 80206"
Ideal Market Denver - 900 E 11th Ave,10746|(720) 643-1750,"900 E 11th Ave, Denver, CO 80218"
Tamarac - 7400 E Hampden Ave,10207|(303) 488-2000,"7400 E Hampden Ave Unit D, Denver, CO 80231"
Washington Park - 1111 S Washington St,10373|(303) 733-6201,"1111 S Washington Ave, Park Ridge, IL 60068"
Colfax - 14357 W Colfax Ave,10350|(303) 277-1339,"14357 W Colfax Ave, Golden, CO 80401"
Colorado Blvd - 870 S Colorado Blvd,10331|(303) 691-0101,"870 S Colorado Blvd, Glendale, CO 80246"
Frisco - 261 Lusher Ct,10470|(970) 668-9400,"261 Lusher Ct, Breckenridge, CO 80424"
Fort Collins - 2201 S College Ave,10147|(970) 267-9200,"2201 S College Ave, Fort Collins, CO 80525"
Highlands Ranch - 9366 S Colorado Blvd,10142|(303) 470-6003,"9366 S Colorado Blvd, Highlands Ranch, CO 80126"
Boulder Table Mesa - 695 S Broadway,10785|(303) 376-6980,"695 S Broadway, Boulder, CO 80305"
Ideal Market Boulder - 1275 Alpine Ave,10423|(303) 443-1354,"1275 Alpine Ave., Boulder, CO 80304"
Governor's Ranch - 5155 S Wadsworth Blvd,10471|(303) 586-5220,"5155 S Wadsworth Blvd, Littleton, CO 80123"
Pikes Peak - 7635 N Academy Blvd,10146|(719) 531-9999,"7635 N Academy Blvd, Colorado Springs, CO 80920"
SouthGlenn - 6853 S York ,10273|(303) 996-3660,"6853 S York St, Centennial, CO 80122"
Superior - 303 Marshall Rd,10445|(720) 274-1415,"303 Marshall Rd, Superior, CO 80027"
Bradburn - 4451 Main St,10556|(303) 439-7000,"4451 Main St, Westminster, CO 80031"
Longmont - 1250 South Hover Rd,10554|(720) 438-2550,"1250 S Hover St, Longmont, CO 80501"
Castle Rock - 6384 Promenade Pkwy,10459|(720) 673-4700,"6384 Promenade Pkwy, Castle Rock, CO 80108"
Bellevue - 888 116th Ave NE,10153|(425) 462-1400,"Parking lot, 888 116th Ave NE, Bellevue, WA 98004"
Interbay - 2001 15th Ave W,10275|(206) 352-5440,"Whole Foods Market, 2001 15th Ave W, Seattle, WA 98119"
Roosevelt Square - 1026 NE 64th St,10103|(206) 985-1500,"1026 NE 64th St, Seattle, WA 98115"
West Seattle - 4755 Fauntleroy Way SW,10524|(206) 338-5060,"4755 Fauntleroy Wy SW, Seattle, WA 98116"
Westlake - 2210 Westlake Ave,10216|(206) 621-9700,"2210 Westlake Ave, Seattle, WA 98121"
Lynnwood - 2800 SW 196th St,10436|(425) 775-1320,"2800 196th St SW, Lynnwood, WA 98036"
Redmond - 17991 NE Redmond Way,10260|(425) 881-2600,"17991 Redmond Way, Redmond, WA 98052"
Bellingham Lakeway - 1030 Lakeway Dr,10637|(360) 714-6820,"1030 Lakeway Dr, Bellingham, WA 98229"
Kirkland - 12501 120th Ave NE,10655|(425) 979-3301,"12501 120th Ave NE, Kirkland, WA 98034"
North Burnaby - 4420 Lougheed Hwy,10494|(604) 205-5032,"4420 Lougheed Hwy., Burnaby, BC V5C 3Z3, Canada"
Cambie - 510 W 8th Ave,10248|(778) 370-4210,"510 W 8th Ave, Vancouver, BC V5Z 1C5, Canada"
Kitsilano - 2285 West 4th Ave,10348|(604) 739-6676,"2285 W 4th Ave, Vancouver, BC V6K 1N9, Canada"
Robson - 1675 Robson St,10360|(604) 687-5288,"1675 Robson Rd, Shreveport, LA 71115"
West Vancouver - 925 Main St,10212|(604) 678-0500,"925 Main St, West Vancouver, BC V7T 2Z3, Canada"
Victoria - 3587 Blanshard St,10311|(250) 382-9800,"3587 Blanshard St, Victoria, BC V8Z 0B9, Canada"
North Vancouver - 120 13th St E,10589|(604) 973-1014,"120 E 13th St, North Vancouver, BC V7L 4W8, Canada"
Bend - 2610 NE Hwy 20,10407|(541) 389-0151,"2610 NE Hwy 20, Bend, OR 97701"
Bridgeport - 7380 SW Bridgeport Rd,10266|(503) 639-6500,"7380 SW Bridgeport Rd, Portland, OR 97224"
Greenway - 12220 SW Scholls Ferry Rd,10537|(971) 371-7000,"12220 SW Scholls Ferry Rd, Tigard, OR 97223"
Fremont - Oregon - 3535 NE 15th Ave,10375|(503) 288-3414,"3535 NE 15th Ave, Portland, OR 97212"
Hollywood - 4301 NE Sandy Blvd,10243|(503) 284-2644,"4301 NE Sandy Blvd, Portland, OR 97213"
Laurelhurst - 2825 East Burnside St,10402|(503) 232-6601,"2825 E Burnside St, Portland, OR 97214"
Pearl District Portland - 1210 NW Couch St,10148|(503) 525-4343,"1210 NW Couch St, Portland, OR 97209"
Tanasbourne - 9940 NE Cornell Rd,10327|(503) 645-9200,"9940 NE Cornell Rd, Hillsboro, OR 97124"
Eugene - 353 E Broadway,10294|(541) 434-8820,"353 E Broadway, Eugene, OR 97401"
Lake Oswego - 11 S State St,10654|(503) 782-4672,"11 S State St, Lake Oswego, OR 97034"
Boise - 401 S Broadway Ave,10284|(208) 287-4600,"401 S Broadway Ave, Boise, ID 83702"
Bishops Corner - 340 N Main St,10366|(860) 523-7174,"333 N Main St, West Hartford, CT 06117"
West Hartford - 50 Raymond Rd,10217|(860) 523-8500,"50 Raymond Rd, West Hartford, CT 06107"
Danbury - 5C Sugar Hollow Rd,10455|(203) 730-0599,"5c Sugar Hollow Rd, Danbury, CT 06810"
Darien - 150 Ledge Rd,10300|(203) 662-0577,"150 Ledge Rd, Darien, CT 06820"
Fairfield - 350 Grasmere Ave,10317|(203) 319-9544,"350 Grasmere Ave, Fairfield, CT 06824"
Glastonbury - 55 Welles St,10336|(860) 652-9800,"55 Welles St, Glastonbury, CT 06033"
Greenwich - 90 E Putnam Ave,10057|(203) 661-0631,"90 E Putnam Ave, Greenwich, CT 06830"
Milford - 1686 Boston Post Road,10389|(203) 874-0883,"1686 Boston Post Rd, Milford, CT 06460"
Westport - 399 Post Rd W,10355|(203) 227-6858,"399 Post Rd W, Westport, CT 06880"
Avon Village - 50 Climax Rd,10770|(860) 777-2070,"50 Climax Rd, Simsbury, CT 06070"
Glen Mills - 475 Wilmington West Chester Pike,10353|(610) 358-1133,"475 Wilmington West Chester Pike, Glen Mills, PA 19342"
Devon - 821 Lancaster Ave,10053|(610) 688-9400,"821 Lancaster Ave, Wayne, PA 19087"
Jenkintown - 1575 The Fairway,10100|(215) 481-0800,"1575 The Fairway, Jenkintown, PA 19046"
Plymouth Meeting - 500 W Germantown Pike,10249|(610) 832-0010,"500 W Germantown Pike, Plymouth Meeting, PA 19462"
Philly Center City - 2101 Pennsylvania Ave,10514|(215) 557-0015,"2101 Pennsylvania Ave, Philadelphia, PA 19130"
South Street - 929 South St,10112|(215) 733-9788,"929 South St, Philadelphia, PA 19147"
Wexford - 10576 Perry Hwy,10377|(724) 940-6100,"10576 Perry Hwy, Wexford, PA 15090"
Lancaster - 1563 Fruitville Pike,10624|(717) 984-5700,"1563 Fruitville Pike, Lancaster, PA 17601"
Newtown - 3737 West Chester Pike,10625|(610) 848-7200,"3737 West Chester Pike, Newtown Square, PA 19073"
Allentown - 750 N Krocks Rd,10566|(484) 506-2159,"750 N Krocks Rd, Allentown, PA 18106"
Wynnewood - 15 E Wynnewood Rd,10496|(610) 896-3737,"15 E Wynnewood Rd, Wynnewood, PA 19096"
South Hills - 111 Siena Dr,10242|(412) 409-4550,"111 Siena Dr, Upper St Clair, PA 15241"
Exton - 175 N Pottstown Pike,10660|(610) 423-6360,"175 N Pottstown Pike, Exton, PA 19341"
Spring House - 1111 N Bethlehem Pike,10599|(215) 646-6300,"1111 N Bethlehem Pike, Spring House, PA 19477"
East Liberty - 5700 Penn Ave,10694|(412) 441-7960,"5700 Penn Ave, Pittsburgh, PA 15206"
Charleston - 923 Houston Northcutt Blvd,10201|(843) 971-7240,"923 Houston Northcutt Blvd, Mt Pleasant, SC 29464"
Columbia - 702 Cross Hill Rd,10464|(803) 509-6700,"702 Cross Hill Rd, Columbia, SC 29205"
Greenville - 1140 Woodruff Rd,10224|(864) 335-2300,"1140 Woodruff Rd, Greenville, SC 29607"
Hilton Head Island - 50 Shelter Cove Ln,10561|(843) 842-0700,"50 Shelter Cove Ln, Hilton Head Island, SC 29928"
West Ashley - 1125 Savannah Hwy,10698|(843) 329-6540,"1125 Savannah Hwy, Charleston, SC 29407"
Hennepin - 222 Hennepin Ave,10345|(612) 313-7100,"222 Hennepin Ave, Minneapolis, MN 55401"
Uptown Minneapolis - 3060 Excelsior Blvd,10119|(612) 927-8141,"3060 Excelsior Blvd, Minneapolis, MN 55416"
Edina - 7401 France Ave S,10419|(952) 830-3500,"7401 France Ave S, Minneapolis, MN 55435"
Maple Grove - 12201 Elm Creek Blvd N,10490|(763) 416-7300,"12201 Elm Creek Blvd N, Maple Grove, MN 55369"
Minnetonka - 1001 Plymouth Rd,10422|(952) 797-5600,"1001 Plymouth Rd, Minnetonka, MN 55305"
Woodbury - 305 Radio Dr,10628|(651) 252-3060,"305 Radio Dr, Woodbury, MN 55125"
St Paul - 1575 Selby Ave,10542|(651) 690-0197,"1575 Selby Ave, St Paul, MN 55104"
Chandler - 2955 W Ray Rd,10272|(480) 821-9447,"2955 W Ray Rd, Chandler, AZ 85224"
Camelback - 4701 N 20th St,10476|(602) 761-4750,"4701 N 20th St, Phoenix, AZ 85016"
Paradise Valley - 10810 N Tatum Blvd,10172|(602) 569-7600,"10810 N Tatum Blvd, Phoenix, AZ 85028"
Scottsdale - 7111 E Mayo Blvd,10246|(480) 515-3777,"7111 E Mayo Blvd, Phoenix, AZ 85054"
Oracle - 7133 N Oracle Rd,10469|(520) 352-0111,"7133 N Oracle Rd, Tucson, AZ 85704"
River Road - 5555 E River Rd,10475|(520) 461-1300,"5555 E River Rd, Tucson, AZ 85750"
Speedway - 3360 E Speedway Blvd,10439|(520) 795-9844,"3360 E Speedway Blvd, Tucson, AZ 85716"
Flagstaff - 320 S Cambridge Ln,10581|(928) 774-5747,"320 Cambridge Ln, Flagstaff, AZ 86001"
Sedona - 1420 W State Rte 89A,10583|(928) 282-6311,"1420 W State Rte 89A, Sedona, AZ 86336"
Tempe - 750 S Ash Ave,10347|(480) 456-1400,"750 S Ash Ave, Tempe, AZ 85281"
Chattanooga - 301 Manufacturers Rd,10409|(423) 702-7300,"301 Manufacturers Rd, Chattanooga, TN 37405"
Chattanooga East - 1814 Gunbarrel Rd,10782|(423) 425-9133,"1814 Gunbarrel Rd, Chattanooga, TN 37421"
Green Hills - 4021 Hillsboro Pike,10241|(615) 440-5100,"4021 Hillsboro Pike, Nashville, TN 37215"
Nashville Downtown - 1202 Broadway,10685|(615) 747-1650,"1202 Broadway, Nashville, TN 37203"
McEwen - 1566 W McEwen Dr,10321|(615) 550-5660,"1566 W McEwen Dr, Franklin, TN 37067"
Poplar Avenue - 5014 Poplar Ave,10480|(901) 969-4368,"5014 Poplar Ave, Memphis, TN 38117"
Knoxville - 6730 Papermill Dr NW,10461|(865) 291-6400,"6730 Papermill Dr NW, Knoxville, TN 37919"
Germantown - 7825 US Highway 72,10562|(901) 896-3245,"7825 US-72, Germantown, TN 38138"
Chicago Edgewater - 6009 N Broadway,10568|(773) 506-7600,"6009 N Broadway, Chicago, IL 60660"
Halsted and Waveland - 3640 N Halsted St,10203|(773) 472-0400,"3640 N Halsted St, Chicago, IL 60613"
Hyde Park - 5118 S Lake Park Ave,10458|(773) 819-1600,"5118 S Lake Park Ave, Chicago, IL 60615"
Lakeview - 3201 N. Ashland Ave,10643|(773) 244-4200,"3201 N Ashland Ave, Chicago, IL 60657"
Lincoln Park - 1550 N Kingsbury St,10252|(312) 587-0648,"1550 N Kingsbury St, Chicago, IL 60642"
Sauganash - 6020 N Cicero Ave,10170|(773) 205-1100,"6020 N Cicero Ave, Chicago, IL 60646"
South Loop - 1101 S Canal St,10171|(312) 435-4600,"1101 S Canal St, Chicago, IL 60607"
Streeterville - 255 E Grand Ave,10571|(312) 379-7900,"255 E Grand Ave, Chicago, IL 60611"
West Loop - 1 N Halsted St,10572|(312) 207-8400,"1 N Halsted St, Chicago, IL 60661"
Deerfield - 760 Waukegan Rd,10116|(847) 444-1900,"760 Waukegan Rd, Deerfield, IL 60015"
Downtown Evanston - 1640 Chicago Ave,10076|(847) 733-1600,"1640 Chicago Ave, Evanston, IL 60201"
Green Bay Road - 2748 Green Bay Rd,10570|(847) 424-5700,"2748 Green Bay Rd, Evanston, IL 60201"
Hinsdale - 500 E Ogden Ave,10364|(630) 986-8500,"500 E Ogden Ave, Hinsdale, IL 60521"
Kildeer - 20281 Rand Rd,10292|(847) 726-4601,"20281 Rand Rd, Kildeer, IL 60074"
Northbrook - 840 Willow Rd,10244|(847) 205-5353,"840 Willow Rd, Northbrook, IL 60062"
Naperville - 2607 W 75th St,10129|(630) 579-7700,"2607 W 75th St, Naperville, IL 60540"
Orland Park - 15260 South La Grange Road,10481|(708) 364-1350,"15260 South La Grange Road, Orland Park, IL 60462"
Park Ridge - 225 W Touhy Ave,10495|(847) 292-7100,"225 W Touhy Ave, Park Ridge, IL 60068"
River Forest - 7245 Lake St,10029|(708) 366-1045,"7245 Lake St, River Forest, IL 60305"
Schaumburg - 750 N Martingale Rd,10276|(847) 585-5800,"750 N Martingale Rd, Schaumburg, IL 60173"
Elmhurst - 215 S IL Rte 83,10569|(630) 993-7600,"215 IL-83, Elmhurst, IL 60126"
Willowbrook - 6300 Kingery Hwy,10573|(630) 655-5000,"6300 Kingery Hwy, Willowbrook, IL 60527"
Vernon Hills - 851 N Milwaukee Ave,10680|(224) 504-3990,"851 N Milwaukee Ave, Vernon Hills, IL 60061"
Wheaton - 89 Danada Square East,10661|(630) 588-1500,"89 Danada Square E, Wheaton, IL 60189"
Evergreen Park - 9600 S Western Ave,10720|(708) 931-3030,"9600 S Western Ave, Evergreen Park, IL 60805"
Kenwood - 5901 E Galbraith Rd,10666|(513) 699-7710,"130, 5901 E Galbraith Rd, Cincinnati, OH 45236"
Cedar Center - 13998 Cedar Rd,10199|(216) 932-3918,"13938 Cedar Rd, Cleveland, OH 44118"
Columbus - 3670 W Dublin-Granville Rd,10214|(614) 760-5556,"3670 W Granville Rd, Columbus, OH 43235"
Easton - 4100 Easton Gateway Dr,10555|(614) 536-0570,"4100 Easton Gateway Dr, Columbus, OH 43219"
Upper Arlington - 1555 W Lane Ave,10385|(614) 481-3400,"1555 W Lane Ave, Upper Arlington, OH 43221"
Mason - 5805 Deerfield Blvd,10340|(513) 398-9358,"5805 Deerfield Blvd, Mason, OH 45040"
Rocky River - 19607 Detroit Rd,10484|(440) 596-3440,"19607 Detroit Rd, Rocky River, OH 44116"
Dayton - 1050 Miamisburg Centerville Rd,10558|(937) 999-6880,"1050 Miamisburg Centerville Rd, Washington Township, OH 45458"
Akron - 1745 W Market St,10673|(330) 615-2100,"1711&, 1745 W Market St, Akron, OH 44313"
Carmel - 14598 Clay Terrace Blvd,10404|(317) 569-1517,"14598 Clay Terrace Blvd, Carmel, IN 46032"
Eighty-Sixth St. - 1300 E 86th St,10378|(317) 706-0900,"1300 E 86th St, Indianapolis, IN 46240"
Market Square - 320 E Market St,10597|(317) 559-9360,"320 E Market St, Indianapolis, IN 46204"
Mishawaka - 4230 Grape Rd,10482|(574) 247-5800,"4230 Grape Rd, Mishawaka, IN 46545"
Providence - 261 Waterman St,10014|(401) 272-1690,"261 Waterman St, Providence, RI 02906"
Edgewater - 905 River Rd,10102|(201) 941-4000,"905 River Rd, Edgewater, NJ 07020"
Millburn - Union - 2245 Springfield Ave,10312|(908) 688-1455,"2245 Springfield Ave, Vauxhall, NJ 07088"
Middletown - 471 St Rt 35 N,10213|(732) 758-1688,"471 NJ-35, Red Bank, NJ 07701"
Montclair - 701 Bloomfield Ave,10059|(973) 746-5110,"701 Bloomfield Ave, Montclair, NJ 07042"
Marlton - 940 Rt 73 N,10086|(856) 797-1115,"940 NJ-73, Evesham, NJ 08053"
Paramus - 300 Bergen Town Center,10279|(201) 226-1244,"300 Bergen Town Center, Paramus, NJ 07652"
Princeton - 3495 US Rt 1 S,10187|(609) 799-2919,"3495 US-1, Princeton, NJ 08540"
Parsippany - 60 Waterview Blvd,10501|(862) 286-2777,"60 Waterview Blvd, Parsippany, NJ 07054"
Rose City - 222 Main St,10157|(973) 822-8444,"222 Main St, Madison, NJ 07940"
Ridgewood - 44 Godwin Ave,10106|(201) 670-0383,"44 Godwin Ave, Ridgewood, NJ 07450"
West Orange - 235 Prospect Ave,10265|(973) 669-3196,"235 Prospect Ave, West Orange, NJ 07052"
Cherry Hill - 1558 Kings Hwy N,10526|(856) 651-5271,"1558 Kings Hwy N, Cherry Hill, NJ 08002"
Marlboro - 113 Route 9 South,10451|(732) 792-5900,"113 US-9, Morganville, NJ 07751"
Morristown - 110 Washington St,10519|(973) 385-1900,"110 Washington St, Morristown, NJ 07960"
Bridgewater - 319 Chimney Rock Rd,10639|(732) 584-1960,"319 Chimney Rock Rd, Bridgewater, NJ 08805"
Clark - 1255 Raritan Rd,10576|(732) 381-1010,"1255 Raritan Rd, Clark, NJ 07066"
Spring Lake Wall - 1933 NJ-35,10587|(732) 359-3400,"1933 NJ-35, Wall Township, NJ 07719"
Newark - 633 Broad St,10559|(973) 755-5080,"633 Broad St, Newark, NJ 07102"
Closter - 45 Vervalen St,10381|(201) 367-9099,"45 Vervalen St, Closter, NJ 07624"
Metuchen - 645 Middlesex Ave,10602|(732) 515-6180,"645 Middlesex Ave, Metuchen, NJ 08840"
Weehawken - 1400 Waterfront Terrace,10711|(551) 300-6080,"1400 Waterfront Terrace, Weehawken, NJ 07086"
Wayne - 560 Valley Rd,10732|(973) 587-1470,"560 Valley Rd, Wayne, NJ 07470"
Woodcliff Lake - 500 Chestnut Ridge Road,10774|(551) 249-2595,"500 Chestnut Ridge Rd, Woodcliff Lake, NJ 07677"
Fort Apache - 8855 W Charleston Blvd,10174|(702) 254-8655,"8855 W Charleston Blvd, Las Vegas, NV 89117"
Las Vegas Blvd - 6689 Las Vegas Blvd,10286|(702) 589-7711,"6689 Las Vegas Blvd S, Las Vegas, NV 89119"
Tenaya -  7250 W Lake Mead Blvd,10424|(702) 942-1500,"7250 W Lake Mead Blvd, Las Vegas, NV 89128"
Henderson - 100 S Green Valley Pkwy,10219|(702) 361-8183,"100 S Green Valley Pkwy, Henderson, NV 89012"
Reno - 6139 S Virginia St,10293|(775) 852-8023,"6139 S Virginia St, Reno, NV 89502"
Central West End - 4577 W Pine Blvd,10535|(314) 474-7300,"4577 W Pine Blvd, St. Louis, MO 63108"
Galleria - 1601 S Brentwood Blvd,10166|(314) 968-7744,"1601 S Brentwood Blvd, St. Louis, MO 63144"
Town and Country - 1160 Town and Country Crossing Dr,10303|(636) 527-1160,"1160 Town and Country Crossing Dr, Town and Country, MO 63017"
Kansas City - 301 E 51st St,10457|(816) 708-3700,"301 E 51st St, Kansas City, MO 64112"
Florida Avenue - 967 Florida Avenue NW,10651|(202) 519-3400,"967 Florida Ave NW, Washington, DC 20001"
Foggy Bottom - 2201 I Street NW,10414|(202) 296-1660,"2201 I St NW, Washington, DC 20037"
"Glover Park - 2323 Wisconsin Ave, NW",10780|(202) 747-5570,"2323 Wisconsin Ave NW, Washington, DC 20007"
H Street - 600 H St NE,10565|(202) 469-7410,"600c H St NE, Washington, DC 20002"
P Street - 1440 P Street NW,10135|(202) 332-4300,"1440 P St NW, Washington, DC 20005"
South Capitol Hill - 101 H St SE,10563|(202) 469-7280,"101 H St SE, Washington, DC 20003"
Tenleytown - 4530 40th St NW,10062|(202) 237-5800,"4530 40th St NW, Washington, DC 20016"
Cottonwood Heights - 6930 S Highland Dr,10430|(801) 733-9455,"6930 S Highland Dr, Cottonwood Heights, UT 84121"
Sugar House - 1131 E Wilmington Ave,10415|(801) 359-7913,"1131 E Wilmington Ave, Salt Lake City, UT 84106"
Trolley Square - 544 S 700 E,10280|(801) 924-9060,"544 S 700 E, Salt Lake City, UT 84102"
Canyon Corners - 6598 N Landmark Dr,10646|(435) 575-0200,"6622 N Landmark Dr Suite B-100, Park City, UT 84098"
Jackson - 4500 I-55 North,10486|(601) 608-0405,"4500 I-55, Jackson, MS 39211"
Kailua - 629 Kailua Rd,10368|(808) 263-6800,"629 Kailua Rd, Kailua, HI 96734"
Honolulu (Kahala Mall) - 4211 Wai'alae Ave,10363|(808) 738-0820,"4211 Waialae Ave, Honolulu, HI 96816"
Queen - 388 Kamakee St,10615|(808) 379-1800,"388 Kamakee St, Honolulu, HI 96814"
Maui - 70 E Kaahumanu Ave,10374|(808) 872-3310,"70 E Kaahumanu Ave, Kahului, HI 96732"
Leaside - 1860 Bayview Ave,10500|(416) 484-0090,"1860 Bayview Ave, Toronto, ON M4G 3E4, Canada"
Unionville - 3997 Hwy 7,10456|(905) 474-4900,"3997 Hwy 7, Unionville, ON L3R 1L5, Canada"
Oakville - 301 Cornwall Rd,10226|(905) 849-8400,"301 Cornwall Rd, Oakville, ON L6J 7Z5, Canada"
Square One Mississauga - 155 Square One Dr,10268|(905) 275-9393,"155 Square One Dr, Mississauga, ON L5B 0E2, Canada"
Lansdowne Park - 951 Bank St,10310|(613) 565-7150,"951 Bank St, Ottawa, ON K1S 3W7, Canada"
Yonge and Sheppard - 4771 Yonge Str,10289|(416) 730-1100,"4771 Yonge St, North York, ON M2N 5M5, Canada"
Lincoln - 6055 O St,10493|(402) 486-6000,"6055 O St, Lincoln, NE 68510"
Omaha - 10020 Regency Cir,10169|(402) 393-1200,"10020 Regency Cir, Omaha, NE 68114"
Louisville - 4944 Shelbyville Rd,10186|(502) 899-5545,"4944 Shelbyville Rd, Louisville, KY 40207"
Lexington - 4059 Finn Way,10577|(859) 971-8600,"4059 Finn Wy, Lexington, KY 40517"
Madison - 3313 University Ave,10043|(608) 233-9566,"3313 University Ave, Madison, WI 53705"
Milwaukee - 2305 N Prospect Ave,10197|(414) 223-1500,"2305 N Prospect Ave, Milwaukee, WI 53211"
Wauwatosa - 11100 W Burleigh St,10586|(414) 808-3600,"11100 W Burleigh St, Wauwatosa, WI 53222"
Mountain Brook - 3100 Cahaba Village Plaza,10209|(205) 912-8400,"3100 Cahaba Village Pl, Birmingham, AL 35243"
Huntsville - 2501 Memorial Pkwy SW,10591|(256) 801-3741,"2501 Memorial Pkwy SW, Huntsville, AL 35801"
Overland Park - 6621 W 119th St,10410|(913) 663-2951,"6621 W 119th St, Overland Park, KS 66209"
Wichita - 1423 N Webb Rd,10504|(316) 630-8484,"1423 N Webb Rd, Wichita, KS 67206"
Olathe -  14615 W 119th St,10538|(913) 764-5656,"14615 W 119th St, Olathe, KS 66062"
Portland - Maine - 2 Somerset St,10291|(207) 774-7711,"2 Somerset St, Portland, ME 04101"
West Des Moines - 4100 University Ave,10460|(515) 343-2600,"4100 University Ave, West Des Moines, IA 50266"
Nashua - 255 Amherst St,10462|(603) 318-7550,"255 Amherst St, Nashua, NH 03063"
Portsmouth - 1600 Woodbury Ave,10778|(603) 294-1115,"1600 Woodbury Ave, Portsmouth, NH 03801"
Oklahoma City - 6001 North Western Ave,10376|(405) 879-3500,"6001 N Western Ave, Oklahoma City, OK 73118"
Brookside - 1401 E 41st St,10304|(918) 712-7555,"1401 E 41st St, Tulsa, OK 74105"
Bowman - 501 S Bowman Rd,10551|(501) 312-2326,"501 S Bowman Rd, Little Rock, AR 72211"
Fayetteville - 3425 N College Ave,10596|(479) 695-5561,"3425 N College Ave, Fayetteville, AR 72703"
Jackson Wyoming - 1155 S Highway 89,10792|(307) 733-0450,"1155 US-89, Jackson, WY 83001"
Bozeman - 2905 West Main Street,10786|(406) 602-8249,"2905 W Main St, Bozeman, MT 59718"